dx, NX, imposed_poro, k_in_micron2, effective_poro
0.0000040000, 50, 0.900000, 22.851299, 0.901200
0.0000026666, 75, 0.900000, 21.341215, 0.901867
0.0000020000, 100, 0.900000, 20.250313, 0.899300
0.0000016000, 125, 0.900000, 20.082899, 0.899776
0.0000013333, 150, 0.900000, 19.793210, 0.900222
0.0000010000, 200, 0.900000, 19.726541, 0.900125
0.0000006666, 300, 0.900000, 19.586178, 0.899856
0.0000005000, 400, 0.900000, 19.559257, 0.900131
