dx,NX,imposed_poro,k_in_micron2,effective_poro
0.0000040000, 50, 0.900000, 22.851299, 0.901200
